filename,nb_lines,nb_loops,execution_time,total_measured_time,Initialpost,Initialpost-pc,done,done-pc,Finalpost,Finalpost-pc,Initial,Initial-pc,TypefeedbackCleanup,TypefeedbackCleanup-pc,InlineForcePromises,InlineForcePromises-pc,MatchCallArgs,MatchCallArgs-pc,DotDotDots,DotDotDots-pc,DelayEnv,DelayEnv-pc,CleanupCheckpoints,CleanupCheckpoints-pc,LoopInvariant,LoopInvariant-pc,verification,verification-pc,EagerCalls,EagerCalls-pc,HoistInstruction,HoistInstruction-pc,LoadElision,LoadElision-pc,Overflow,Overflow-pc,TypeInference,TypeInference-pc,ElideEnv,ElideEnv-pc,lowering,lowering-pc,OptimizeContexts,OptimizeContexts-pc,DelayInstr,DelayInstr-pc,Inline,Inline-pc,OptimizeVisibility,OptimizeVisibility-pc,modulecleanup,modulecleanup-pc,ElideEnvSpec,ElideEnvSpec-pc,GVN,GVN-pc,Constantfold,Constantfold-pc,Cleanup,Cleanup-pc,OptimizeAssumptions,OptimizeAssumptions-pc,pir2llvm,pir2llvm-pc,overal,overal-pc,ForceDominance,ForceDominance-pc,DeadStoreRemoval,DeadStoreRemoval-pc,ScopeResolution,ScopeResolution-pc
/opt/rbenchmarking/Benchmarks/areWeFast/bounce_nonames_simple.r,68,2,2.23691439628601,0.408941,1.72e-6,4.2059857045392856e-4,1.762e-6,4.308690006626873e-4,1.812e-6,4.43095703292162e-4,4.606e-6,0.0011263238462272062,8.89e-6,0.002173907727520596,1.30544e-4,0.03192245336124282,1.41295e-4,0.034551438960632466,1.55876e-4,0.038116989981439864,2.08409e-4,0.05096309736612372,4.89853e-4,0.11978573926312108,5.71642e-4,0.13978593489036317,6.04322e-4,0.1477773077289878,6.82846e-4,0.16697909967452518,0.00115924,0.28347365512384426,0.00118123,0.28885095894028723,0.00166792,0.4078632369950677,0.00172597,0.42205843874788784,0.00274785,0.6719428964080393,0.00277852,0.679442755800959,0.00325456,0.7958507461956615,0.00365169,0.892962554500527,0.00367868,0.8995625285799175,0.00368545,0.9012180241159483,0.00729357,1.783526229945151,0.00736819,1.801773360949379,0.0123911,3.030045899041671,0.012865,3.1459305865638316,0.0154562,3.779567223633727,0.0292212,7.145578457528103,0.036081,8.82303315148151,0.0401663,9.822028116525368,0.0576254,14.09137259409059,0.0731274,17.882139477332913,0.0888109,21.717289291120235
/opt/rbenchmarking/Benchmarks/areWeFast/bounce_nonames.r,64,2,2.19005537033081,0.367516,1.687e-6,4.5902763417102926e-4,1.578e-6,4.2936906148303744e-4,1.757e-6,4.7807442397065713e-4,4.355e-6,0.0011849824225339848,8.608e-6,0.0023422109513599404,1.27895e-4,0.034799845448905624,1.38402e-4,0.03765876859782975,1.54298e-4,0.041984022464328086,2.13905e-4,0.0582029081727054,4.73352e-4,0.12879765778904864,5.40612e-4,0.14709890181651955,5.73319e-4,0.15599837830189706,6.76203e-4,0.18399280575539567,0.00112773,0.3068519465819175,0.00117215,0.318938495194767,0.00162168,0.44125425831800513,0.00169926,0.4623635433559355,0.00269587,0.7335381316731788,0.00261174,0.7106466113039976,0.00316214,0.8604087985284994,0.00354165,0.963672329912167,0.00367598,1.0002231195376527,0.00363448,0.9889310941564448,0.007031,1.9131139868740408,0.00671306,1.8266034676041314,0.0119568,3.253409375374133,0.0123804,3.3686696633615947,0.0152626,4.152907628511412,0.028013,7.622253180813897,0.0344045,9.36136113801848,0.0383132,10.424906670729982,0.0457453,12.44715876315589,0.064902,17.659639308220594,0.0749357,20.389778948399524
/opt/rbenchmarking/Benchmarks/areWeFast/bounce.r,58,2,6.76309394836426,0.452167,2.447e-6,5.411717352217212e-4,2.399e-6,5.305561883109559e-4,2.509e-6,5.54883483314793e-4,6.778e-6,0.0014990036866909793,1.4484e-5,0.00320324128032342,1.77932e-4,0.03935094776929763,1.95221e-4,0.0431745350722189,2.22055e-4,0.0491090681097913,2.92976e-4,0.0647937598276743,6.48992e-4,0.14352927126482032,6.80994e-4,0.15060674485311842,8.22627e-4,0.18192990642837714,9.02803e-4,0.19966140828499204,0.00157102,0.3474424272448011,0.00165078,0.3650819276948561,0.00223247,0.49372687524741965,0.00232253,0.513644295138743,0.00373776,0.8266326379412917,0.00364854,0.8069009901209068,0.00424541,0.9389031043839997,0.004806,1.0628816344403729,0.00487111,1.0772811815103711,0.00513244,1.1350761997226688,0.00966334,2.137117480930718,0.00870507,1.925189144718655,0.015614,3.4531489471810195,0.0151697,3.3548887910882486,0.0207027,4.578551729781253,0.032911,7.278505507920747,0.0475752,10.521599320604997,0.0526893,11.652619496778845,0.0564,12.473267620149192,0.0677825,14.990589759978059,0.0867637,19.188419322949265
/opt/rbenchmarking/Benchmarks/areWeFast/storage.r,27,1,1.93343496322632,0.188942,2.323e-6,0.0012294778291750909,2.349e-6,0.0012432386658339596,2.545e-6,0.0013469742037238942,7.349e-6,0.0038895534079241246,1.3602e-5,0.007199034624382085,1.38222e-4,0.07315578325623737,1.52399e-4,0.08065914407595981,1.75956e-4,0.09312699135184342,2.31872e-4,0.12272125837558615,4.88746e-4,0.25867514898752,4.23923e-4,0.2243667368822178,6.41392e-4,0.33946502101173903,7.29193e-4,0.3859348371457908,0.00114284,0.6048628679700648,0.00116474,0.6164537265404199,0.00164217,0.8691397360036414,0.00188363,0.9969355675286596,0.0028248,1.4950619766912598,0.00181356,0.9598501127330081,0.00225234,1.1920801092398725,0.00330431,1.7488488530871908,0.00277676,1.4696361846492576,0.00398375,2.108451270760339,0.00702097,3.7159392829545572,0.0036481,1.9308041621238263,0.00975509,5.1630076954832695,0.00776929,4.11199733251474,0.015528,8.218395063035217,0.0123928,6.559049867155001,0.0233852,12.376919901345387,0.0266127,14.08511606736459,0.0127535,6.749955012649384,0.0181936,9.629198378338327,0.0260843,13.8054535254205
/opt/rbenchmarking/Benchmarks/RealThing/convolution_slow.r,24,3,0.937906265258789,0.153936,1.451e-6,9.425995218792226e-4,1.496e-6,9.718324498492881e-4,1.501e-6,9.75080552957073e-4,3.71e-6,0.00241009250597651,7.693e-6,0.004997531441638084,8.607e-5,0.05591284689741191,9.9223e-5,0.06445730693275127,1.06356e-4,0.06909105082631743,1.26154e-4,0.08195223989190314,2.94489e-4,0.19130612722170254,3.44915e-4,0.22406389668433638,3.74698e-4,0.24341154765616882,4.8551e-4,0.31539730797214427,6.79598e-4,0.4414808751689014,6.94429e-4,0.4511153986072134,0.00111733,0.7258406090842948,0.00114808,0.745816443197173,0.00140047,0.9097741918719469,0.0015806,1.026790354433011,0.00169792,1.1030038457540796,0.00177885,1.1555776426566886,0.00238618,1.5501117347469078,0.00252807,1.6422864047396322,0.00372886,2.4223443508990754,0.00431186,2.801073173266812,0.00568227,3.6913197692547555,0.00570175,3.703974378962686,0.00976739,6.345097962789732,0.0113296,7.35994179399231,0.0128214,8.329045837231059,0.017699,11.497635380937533,0.0203,13.187298617607318,0.0213203,13.850106537781937,0.0243284,15.80423032948758
/opt/rbenchmarking/Benchmarks/RealThing/convolution_v.r,20,1,1.77619814872742,0.343285,2.026e-6,5.90180170994946e-4,1.913e-6,5.572629156531746e-4,2.154e-6,6.27466973505979e-4,6.618e-6,0.0019278442110782586,1.3367e-5,0.0038938491341014023,1.67895e-4,0.04890834146554612,2.02975e-4,0.05912725577872613,2.19009e-4,0.06379801039952226,2.45066e-4,0.07138849643881906,5.60098e-4,0.16315830869394232,5.62934e-4,0.1639844444120774,7.08693e-4,0.20644449946837176,8.95376e-4,0.26082584441499046,0.00143463,0.4179122303625268,0.00142866,0.41617315058916055,0.00186382,0.5429366270008885,0.00200979,0.5854581470206971,0.00305239,0.8891708055988464,0.0034291,0.9989076132076845,0.00322275,0.9387972093158746,0.0034923,1.0173179719475072,0.00437029,1.2730792198901786,0.00462146,1.3462458307237426,0.00755241,2.2000407824402464,0.00808381,2.3548392734899575,0.0119356,3.4768778128959896,0.0128276,3.736720217894752,0.0180509,5.2582839331750595,0.0245495,7.151346548785993,0.0459759,13.392924246617241,0.0390143,11.364988275048429,0.0407294,11.86460229838181,0.0485628,14.146496351428114,0.0534893,15.58160129338596
/opt/rbenchmarking/Benchmarks/RealThing/convolution.r,23,3,1.10585236549377,0.201537,1.138e-6,5.646605834164446e-4,1.154e-6,5.725995722869747e-4,1.287e-6,6.38592417273255e-4,3.651e-6,0.001811578022894059,6.939e-6,0.0034430402357879695,9.4879e-5,0.04707770781543835,1.04304e-4,0.05175426844698493,1.17542e-4,0.058322789363739656,1.32321e-4,0.06565593414608732,3.1694e-4,0.15726144578911067,4.40715e-4,0.21867696750472618,4.19084e-4,0.20794395073857408,5.23297e-4,0.25965306618635786,7.3486e-4,0.3646278350873537,8.04051e-4,0.3989594962711561,0.00118585,0.5884031220073733,0.00131056,0.6502825783851104,0.00154344,0.7658345613956743,0.00193819,0.9617043024357811,0.00200998,0.9973255531242403,0.00243222,1.2068354694175265,0.00278638,1.3825649880667075,0.002965,1.4711938750700866,0.00509835,2.5297339942541566,0.00484546,2.4042533132873865,0.00711924,3.5324729454144896,0.00792271,3.9311441571522847,0.011256,5.58507867041784,0.0162793,8.077573845001167,0.0165234,8.198693043957189,0.0291177,14.44781851471442,0.0227291,11.27787949607268,0.0285451,14.16370195051033,0.0322267,15.990463289619274
/opt/rbenchmarking/Benchmarks/RealThing/flexclust_no_s4.r,212,9,449.121788978577,4.11729,1.8237e-5,4.429369803924426e-4,1.7649e-5,4.286557420050568e-4,1.9167e-5,0.00046552465335208363,5.5111e-5,0.0013385260693320122,9.4695e-5,0.0022999351515195676,0.00147161,0.0357421993592873,0.00175943,0.042732719822990366,0.00191481,0.04650656135467748,0.00212547,0.051623033597341945,0.00501758,0.12186608181595177,0.00588066,0.14282841383531403,0.00630076,0.15303172717977118,0.00775943,0.18845964214325445,0.0126399,0.3069956209059843,0.0124661,0.302774397722774,0.0182062,0.44218891552453193,0.0184015,0.4469323268460566,0.0272432,0.6616779483592363,0.0277816,0.6747545108554414,0.0288503,0.700710904502719,0.0367288,0.8920624974194191,0.0388304,0.9431057807441303,0.0453001,1.1002406923000325,0.0811467,1.9708764745742953,0.0796278,1.9339857041889206,0.11014,2.6750605373923144,0.144941,3.520300974670232,0.169004,4.104738796635651,0.273859,6.651438203284201,0.447634,10.872054190984846,0.860294,20.894666151764877,0.531184,12.901301584294526,0.539397,13.10077745313058,0.581181,14.115619740168897
/opt/rbenchmarking/Benchmarks/RealThing/flexclust.r,512,19,634.136826515198,11.8592,6.2855e-5,5.300104560172693e-4,5.9902e-5,5.051099568267675e-4,6.5313e-5,5.507369805720453e-4,1.44385e-4,0.0012174935914732866,2.98413e-4,0.002516299581759309,0.00514073,0.04334803359417161,0.00661107,0.05574634039395575,0.00675951,0.05699802684835402,0.0073672,0.06212223421478683,0.0176272,0.14863734484619537,0.018327800000000002,0.15454499460334595,0.0221699,0.18694262682137075,0.0293641,0.24760607798165138,0.0418874,0.3532059498111171,0.0433376,0.36543443065299513,0.066229,0.558460941716136,0.0657512,0.5544320021586616,0.101904,0.859282245008095,0.0932331,0.7861668577981651,0.10197,0.8598387749595251,0.097126,0.8189928494333514,0.132505,1.1173182002158661,0.162381,1.3692407582298975,0.191035,1.6108590798704807,0.352338,2.971009848893686,0.383166,3.2309599298434972,0.409047,3.449195561252024,0.601904,5.075418240690772,0.756011,6.374890380464112,1.34324,11.326565029681598,2.06681,17.427904074473826,1.71221,14.437820426335673,1.45681,12.284218159740961,1.56628,13.207298974635725
/opt/rbenchmarking/Benchmarks/RealThing/volcano.r,76,6,6059.64212369919,1.24877,3.879e-6,3.1062565564515484e-4,3.665e-6,2.9348879297228474e-4,4.068e-6,3.2576054837960553e-4,1.0185e-5,8.156025529120654e-4,1.8816e-5,0.001506762654451981,2.57533e-4,0.020622932966038586,0.0012034,0.09636682495575648,3.40219e-4,0.02724432841916446,3.90529e-4,0.031273092723239665,8.51575e-4,0.06819310201238019,0.00156262,0.1251327306069172,0.00112589,0.09015991735868095,0.00147005,0.11771983631893784,0.00215002,0.17217101628001955,0.00223202,0.1787374776780352,0.00309733,0.248030461974583,0.00391375,0.3134083938595578,0.00677384,0.542440961906516,0.00499598,0.40007207091778313,0.00516787,0.4138368154263795,0.0114917,0.9202415176533709,0.00857141,0.6863882059946989,0.00801402,0.6417530850356752,0.0349617,2.799690895841508,0.0129004,1.0330485197434276,0.0210705,1.6873003034986427,0.0380613,3.0479031366864997,0.0308869,2.4733858116386522,0.0808514,6.474482891164906,0.078741,6.305484596843295,0.4019,32.18366873003035,0.156834,12.559078132882757,0.157845,12.640037797192438,0.171064,13.698599421831082
/opt/rbenchmarking/Benchmarks/simple/bytecodes.r,54,1,0.471784353256226,0.0684269,6.18e-7,9.031535843359847e-4,6.5e-7,9.499188184763594e-4,6.65e-7,9.7184002197966e-4,2.259e-6,0.003301333247597071,3.29e-6,0.004808050635057265,2.6719e-5,0.03904750909364592,2.9468e-5,0.04306493498901748,3.3491e-5,0.0489442017686027,7.0485e-5,0.10300773526200954,8.1143e-5,0.11858348105788807,1.19862e-4,0.17516795295417445,1.20148e-4,0.17558591723430406,1.23996e-4,0.1812094366396841,2.11781e-4,0.3094996266088337,2.1464e-4,0.31367780799656275,2.2635e-4,0.33079096086480614,2.35279e-4,0.34383992260353746,2.63094e-4,0.3844891409664913,2.88784e-4,0.42203285549981073,4.6831e-4,0.6843945875087137,0.00058104300000000005,0.8491441231445528,6.47533e-4,0.9463135112068499,8.21267e-4,1.200210735836345,9.10167e-4,1.3301304019325733,0.00109581,1.6014316007301224,0.00136259,1.991307512104158,0.00149789,2.1890367677039295,0.0025023,3.6568951684206064,0.00399091,5.832370018223828,0.00403742,5.900340363219728,0.00911766,13.32467202226025,0.0110719,16.18062487121293,0.0130034,19.003345175654605,0.0152659,22.30979337073578
/opt/rbenchmarking/Benchmarks/simple/empty-for.r,5,1,0.22397255897522,0.016493,6.57e-7,0.003983508154974838,5.5e-7,0.003334748074940884,6.21e-7,0.0037652337355241613,1.901e-6,0.01152610198265931,3.252e-6,0.019717455890377735,1.5263e-5,0.09254229066876857,1.766e-5,0.10707572909719273,2.1424e-5,0.12989753228642456,3.0858e-5,0.18709755653913782,4.1638e-5,0.2524586188079791,5.9841e-5,0.3628266537318862,3.8307e-5,0.2322621718304735,7.0646e-5,0.42833929545867944,1.80208e-4,1.0926332383435398,1.04689e-4,0.6347480749408839,1.36343e-4,0.8266719214212089,1.16351e-4,0.7054568604862669,2.01706e-4,1.2229794458255017,1.11714e-4,0.6773419026253561,2.35416e-4,1.4273691869277876,3.4677e-4,2.1025283453586368,2.62211e-4,1.5898320499605891,2.09284e-4,1.2689262111198691,1.83323e-4,1.1115200388043411,5.8936e-4,3.57339477354029,5.03797e-4,3.054611047110895,6.31937e-4,3.83154671678894,0.00115828,7.02285818225914,0.00119009,7.215727884557084,6.13354e-4,3.7188746741041654,0.0029185,17.695385921299945,0.00422488,25.616200812465895,5.72647e-4,3.4720608743103134,0.00169957,10.304795974049597
/opt/rbenchmarking/Benchmarks/simple/empty-while.r,6,1,0.233205080032349,0.0178112,6.46e-7,0.0036269313690262314,5.4e-7,0.003031800215594682,6.84e-7,0.0038402802730865973,4.781e-6,0.02684266079770032,2.932e-6,0.016461552281710385,1.5336e-5,0.08610312612288896,1.8348e-5,0.10301383399209486,2.2283e-5,0.1251066744520302,3.492e-5,0.19605641394178944,4.515e-5,0.2534921846927776,6.5286e-5,0.36654464606539705,4.2509e-5,0.2386644358605821,7.2822e-5,0.40885510240747397,1.83124e-4,1.0281395975565937,1.27221e-4,0.7142752874595761,1.47654e-4,0.8289952389507727,1.33246e-4,0.7481023176428315,2.06466e-4,1.1591919690980956,1.22687e-4,0.6888193945382681,2.47099e-4,1.387323706431908,3.48942e-4,1.9591156126482212,2.74471e-4,1.5410022906934961,2.45032e-4,1.375718648939993,2.43299e-4,1.3659888160258713,6.12049e-4,3.4363153521379806,5.02033e-4,2.8186365882141575,6.94778e-4,3.90079275961193,0.00124835,7.0087922206252244,0.00123833,6.952535483291412,6.58944e-4,3.6996047430830035,0.00325719,18.28731360043119,0.00459483,25.79741960114984,6.23853e-4,3.5025882590729425,0.00177538,9.967773086597198
/opt/rbenchmarking/Benchmarks/simple/lapply-dots.r,6,0,0.341081619262695,0.036664,9.59e-7,0.002615644774165394,9.54e-7,0.0026020074187213618,9.79e-7,0.002670194195941523,2.597e-6,0.007083242417630373,5.066e-6,0.013817368535893519,2.9824e-5,0.08134409775256382,3.4525e-5,0.09416593934104298,3.9812e-5,0.10858607898756273,5.8914e-5,0.1606862317259437,8.7193e-5,0.23781638664630156,1.33533e-4,0.3642073969015928,7.9092e-5,0.21572114335588038,1.37868e-4,0.3760309840715688,5.03273e-4,1.372662557276893,2.31535e-4,0.6315050185468033,3.32618e-4,0.9072059786166267,2.5578e-4,0.697632555094916,4.45326e-4,1.214613790093825,2.70815e-4,0.738640082915121,4.89206e-4,1.334295221470652,7.37603e-4,2.01179085751691,6.29686e-4,1.7174503600261835,5.02961e-4,1.3718115862971851,5.43141e-4,1.4814013746454289,0.00134146,3.6587933667903116,0.0011035,3.009764346497927,0.00152887,4.169948723543531,0.00264953,7.226516473925376,0.00273565,7.461406284093389,0.0015742,4.293584987999127,0.00626715,17.093470434213394,0.00793684,21.64750163648265,0.00156685,4.2735380754964,0.00440667,12.019065022910755
/opt/rbenchmarking/Benchmarks/simple/lapply.r,5,0,0.316123962402344,0.0332063,8.49e-7,0.0025567437504328996,8.42e-7,0.0025356634132679646,8.45e-7,0.002544697843481508,2.295e-6,0.006911339113361019,4.789e-6,0.014421962097553776,2.6729e-5,0.08049376172593754,3.0917e-5,0.09310582630404472,3.6488e-5,0.10988276321059558,5.3974e-5,0.16254144544860463,7.907e-5,0.23811746566163647,1.17473e-4,0.3537672068252109,7.2732e-5,0.21903072609715624,1.2325e-4,0.37116450793975836,4.88284e-4,1.4704559074633428,2.0276e-4,0.610607023366048,2.96937e-4,0.8942188681063532,2.22981e-4,0.6715020944820712,4.30045e-4,1.2950705137278167,2.45558e-4,0.739492204792464,4.36626e-4,1.314889042139594,6.56302e-4,1.9764382060030776,5.63669e-4,1.6974760813460097,4.36172e-4,1.3135218317006112,4.56048e-4,1.3733779433420765,0.0012129,3.652620135335764,0.00100184,3.0170178550455784,0.00144115,4.339989700749556,0.00241058,7.259405594721483,0.00260937,7.858057055438275,0.00142468,4.290390678877201,0.00553662,16.673402336303653,0.00711058,21.413346262606794,0.00135244,4.0728415993350655,0.00412046,12.408669439232916
/opt/rbenchmarking/Benchmarks/simple/list-for.r,6,1,0.243026256561279,0.0197866,6.27e-7,0.003168811215671212,5.91e-7,0.002986869901852769,6.36e-7,0.0032142965441258227,1.922e-6,0.009713644587751305,3.467e-6,0.017521959305792808,1.725e-5,0.08718021287133715,1.9466e-5,0.09837971152193908,2.3505e-5,0.11879251614729158,3.7037e-5,0.18718223444149068,4.6671e-5,0.2358717515894595,6.8276e-5,0.34506180950744436,4.602e-5,0.23258164616457602,8.031e-5,0.4058807475766427,1.85494e-4,0.9374728351510618,1.45708e-4,0.7363973598293795,1.60182e-4,0.8095478758351612,1.3637e-4,0.689203804595029,2.21609e-4,1.1199953503886468,1.32981e-4,0.672076051469176,2.64594e-4,1.3372383330132513,3.86517e-4,1.9534280775878623,3.15669e-4,1.5953675719931666,2.53467e-4,1.281003305267201,2.35483e-4,1.1901135111641212,6.76205e-4,3.417489614183336,6.0065e-4,3.035640281806879,7.95264e-4,4.019204916458613,0.00133596,6.751842155802411,0.00152472,7.705821111257113,8.5161e-4,4.303973396136779,0.00345066,17.43937816502077,0.00482356,24.37791232450244,7.07308e-4,3.574681855397087,0.00223678,11.304519220078234
/opt/rbenchmarking/Benchmarks/simple/list-while.r,8,1,0.253910541534424,0.0209078,6.43e-7,0.003075407264274577,6.05e-7,0.002893656912731134,6.48e-7,0.003099321784214503,2.109e-6,0.010087144510661093,3.102e-6,0.01483656817073054,1.7917e-5,0.08569529075273344,1.969e-5,0.09417537952343144,2.3298e-5,0.11143209711208257,3.9455e-5,0.1887094768459618,5.0157e-5,0.23989611532538097,7.3581e-5,0.3519308583399497,4.8727e-5,0.2330565626225619,8.0944e-5,0.3871473804034858,1.87442e-4,0.8965170893159491,1.47867e-4,0.7072336639914291,1.56579e-4,0.7489023235347574,1.47272e-4,0.7043878361185777,2.18928e-4,1.0471116042816555,1.40403e-4,0.6715340686251063,2.73964e-4,1.3103435081644172,3.88089e-4,1.8561924257932447,3.15214e-4,1.5076382976688127,3.133e-4,1.4984838194358088,3.07847e-4,1.4724026439893245,6.85017e-4,3.276370541137757,5.8873e-4,2.815839064846612,7.91697e-4,3.7866107385760337,0.00139142,6.655028266962569,0.00148587,7.1067735486277845,8.72629e-4,4.173700724131663,0.00395586,18.920498569911707,0.0053662,25.66601938032696,7.0904e-4,3.391270243641129,0.00210353,10.060982025846814
/opt/rbenchmarking/Benchmarks/simple/matrix-for.r,8,2,0.301815509796143,0.0322572,6.77e-7,0.0020987562466674107,5.91e-7,0.0018321491015959228,6.47e-7,0.002005753754200613,1.942e-6,0.006020361345684065,3.524e-6,0.010924692781766552,2.3028e-5,0.07138871321751424,2.5642e-5,0.07949233039445458,3.1337e-5,0.09714730354773508,4.205e-5,0.1303584936076287,5.8496e-5,0.18134245997792742,8.214e-5,0.2546408243740932,6.9586e-5,0.21572238135982041,1.07094e-4,0.3320002976079759,3.94684e-4,1.2235531912255249,2.03278e-4,0.6301786887888595,2.12639e-4,0.6591985665215828,1.72241e-4,0.5339614101657925,5.10942e-4,1.5839626501990254,2.0658e-4,0.6404151631263718,3.76616e-4,1.1675408900958546,5.58746e-4,1.7321590218617862,5.20345e-4,1.613112731421202,3.42987e-4,1.0632881961236562,3.72935e-4,1.1561294842701786,9.80176e-4,3.0386270352045432,0.00125409,3.887783192589561,0.00139438,4.322693848195132,0.00196405,6.088718177647161,0.00284061,8.806127004203713,0.00196328,6.086331113673847,0.00463632,14.372977195788847,0.00610528,18.92687524025644,0.00287193,8.90322160633905,0.00392835,12.178211376064878
/opt/rbenchmarking/Benchmarks/simple/profiler-microbenchmark.r,13,1,0.234548091888428,0.0176523,7.41e-7,0.004197753267279618,7.02e-7,0.003976818884791217,7.18e-7,0.004067458631453126,2.226e-6,0.012610254754337961,3.685e-6,0.020875466653070704,1.6798e-5,0.09516040402667075,1.9187e-5,0.1086940512001269,2.4369e-5,0.13804999915025237,3.6089e-5,0.20444361358010005,4.794e-5,0.2715793409357421,7.162e-5,0.40572616599536604,3.7214e-5,0.21081672076726543,7.5895e-5,0.4299439733065947,1.88889e-4,1.0700531942013223,1.25881e-4,0.7131138718467281,1.47407e-4,0.8350583210119928,1.27546e-4,0.722546070483733,2.02543e-4,1.147402888008928,1.20682e-4,0.6836616191657745,2.54071e-4,1.4393081921336028,3.59355e-4,2.035740385105624,2.81361e-4,1.59390561003382,2.6256e-4,1.4873982427219117,2.42005e-4,1.3709544931821915,6.2753e-4,3.5549475139216984,5.10174e-4,2.8901276320932685,6.50319e-4,3.6840468380890874,0.00124018,7.025600063447824,9.01363e-4,5.106207123151091,5.76226e-4,3.26431116625029,0.00339381,19.22587991366564,0.00477154,27.030698549197556,6.10049e-4,3.455917925709398,0.00172165,9.753119990029628
/opt/rbenchmarking/Benchmarks/simple/profiler-rsa.r,27,3,0.33064866065979,0.0316094,8.38e-7,0.0026511101128145424,7.7300000000000005e-07,0.0024454750801976627,8.72e-7,0.0027586730529526025,2.618e-6,0.008282346390630635,4.469e-6,0.01413819939638209,2.6767e-5,0.0846805064316311,3.26e-5,0.10313387789708124,3.465e-5,0.10961929046422898,5.5615e-5,0.17594449752288874,7.3654e-5,0.23301296449790249,1.03126e-4,0.3262510519022822,8.1381e-5,0.2574582244522199,1.22831e-4,0.3885901029440609,2.14159e-4,0.6775168146184363,2.1417e-4,0.6775516143931868,2.51411e-4,0.7953678336191132,2.17485e-4,0.6880390010566476,2.94876e-4,0.9328743981220775,2.17905e-4,0.6893677197289414,3.98817e-4,1.2617037969717868,5.8467e-4,1.8496713003094016,5.09388e-4,1.611507969148418,4.63769e-4,1.4671869760261187,4.898e-4,1.5495390611653492,0.00102371,3.2386252190803995,9.87253e-4,3.1232892747094216,0.00113887,3.6029472245597827,0.00208509,6.596423848601997,0.00226551,7.167203426828728,0.00166513,5.267831720943769,0.00584635,18.495605737533772,0.00743506,23.521673932437817,0.00130088,4.115484634317639,0.00346492,10.961675957151986
/opt/rbenchmarking/Benchmarks/simple/profiler-shared.r,34,4,122.807054281235,0.110823,1.645e-6,0.0014843489167411096,1.503e-6,0.0013562166698248559,1.651e-6,0.0014897629553432049,4.819e-6,0.004348375337249488,9.616e-6,0.008676899199624628,7.2991e-5,0.06586268193425553,8.1263e-5,0.07332683648701081,9.5624e-5,0.08628533788112576,1.38394e-4,0.12487840971639459,2.74783e-4,0.2479476281999224,3.71945e-4,0.33562076464271856,2.21806e-4,0.20014437436272253,4.1448e-4,0.37400178663273864,0.00188295,1.6990606643025363,5.89344e-4,0.5317885276522021,9.61523e-4,0.8676204398004024,5.99801e-4,0.5412242945958871,0.00142568,1.2864477590391885,8.99363e-4,0.8115309998826958,0.00157931,1.425074217445837,0.00229839,2.07392869711161,0.00177178,1.5987475524033816,0.00131979,1.1908990011098777,0.00208344,1.8799707641915488,0.00363453,3.279580953412198,0.00421616,3.8044088321016396,0.00527884,4.763307255714066,0.00853355,7.700161518818296,0.00785122,7.084468025590356,0.00724826,6.540393239670466,0.0165586,14.941483266109021,0.0191575,17.28657408660657,0.00745773,6.72940635066728,0.0137848,12.438573220360393
/opt/rbenchmarking/Benchmarks/simple/scalar-for.r,6,1,0.229401588439941,0.0173981,6.51e-7,0.00374178789637949,5.97e-7,0.0034314091768641404,6.37e-7,0.003661319339468103,2.016e-6,0.01158747219523971,3.091e-6,0.017766307815221205,1.578e-5,0.09069955914726321,1.7958e-5,0.10321816750104897,2.224e-5,0.12783005040780315,3.3724e-5,0.19383725809140076,4.3197e-5,0.24828573235008422,6.0545e-5,0.3479977698714227,4.1519e-5,0.238641001028848,7.3154e-5,0.4204712008782568,1.82702e-4,1.050126163201729,1.23057e-4,0.7073013719888954,1.4349e-4,0.8247452308010645,1.20315e-4,0.6915410303423938,2.11547e-4,1.2159201292095114,1.17289e-4,0.6741483265414039,2.42276e-4,1.3925428638759405,3.56475e-4,2.048930630356188,2.79749e-4,1.6079284519573978,2.16329e-4,1.2434058891488151,1.91045e-4,1.0980796753668505,6.1773e-4,3.550560118633644,5.27688e-4,3.033020847103994,6.67055e-4,3.834068087894655,0.00121216,6.96719756755048,0.00136474,7.8441898828032945,6.78851e-4,3.9018685948465635,0.00300371,17.264586362878706,0.00432616,24.865703726268958,6.10859e-4,3.511067300452348,0.00188972,10.861645811898999
/opt/rbenchmarking/Benchmarks/simple/scalar-while.r,8,1,0.241277933120728,0.0188297,5.83e-7,0.0030961725359405614,5.78e-7,0.0030696187406065944,6.12e-7,0.003250184548877571,1.943e-6,0.010318804866779607,3.228e-6,0.01714313026760915,1.6024e-5,0.08509960328629772,1.8832e-5,0.1000122147458536,2.3055e-5,0.1224395502849222,3.6266e-5,0.19259998831633005,4.6785e-5,0.24846386293993,6.8474e-5,0.3636489163396124,4.4675e-5,0.23725816130899588,8.1474e-5,0.4326887842079268,1.86367e-4,0.9897502350010886,1.33248e-4,0.7076480241320892,1.54333e-4,0.8196253790554282,1.38988e-4,0.7381317811754834,2.14346e-4,1.1383399629309017,1.30146e-4,0.691174049506896,2.59477e-4,1.3780198303743552,3.67338e-4,1.9508436140777599,2.94575e-4,1.5644168521006707,2.67799e-4,1.42221596732821,2.63917e-4,1.4015996006309182,6.40584e-4,3.4019872860427935,5.34074e-4,2.8363383378386273,7.33248e-4,3.8941034642081394,0.00131586,6.988215425630785,0.0013244,7.0335693080612005,7.26507e-4,3.858303637338885,0.0034508,18.32636738769072,0.00481388,25.565356856455494,6.51087e-4,3.4577661885213247,0.00188617,10.016994429013739
/opt/rbenchmarking/Benchmarks/simple/super-while.r,9,1,0.268274784088135,0.0245866,7.7300000000000005e-07,0.003143989002139377,7.26e-7,0.0029528279631994667,8.01e-7,0.0032578721742737913,2.313e-6,0.009407563469532185,3.95e-6,0.016065661783247788,2.1356e-5,0.08686032228937714,2.4225e-5,0.09852928017700699,2.7601e-5,0.11226033693149927,4.2113e-5,0.17128435814630733,7.0703e-5,0.28756721140784003,1.00494e-4,0.40873483930270965,7.5165e-5,0.30571530833868854,9.9826e-5,0.4060179121960743,2.7912e-4,1.135252535934208,1.84175e-4,0.7490869009948508,1.94614e-4,0.7915449879202492,1.77984e-4,0.7239065181847023,3.35869e-4,1.366065255057633,1.82804e-4,0.7435106928164122,3.53648e-4,1.4383770021068387,4.98423e-4,2.0272140108839776,4.18057e-4,1.7003449033213214,3.62066e-4,1.472615164357821,4.45905e-4,1.8136098525212923,8.3156e-4,3.3821675221462093,7.47638e-4,3.040835251722483,0.00107471,4.371120854449171,0.00175828,7.151375139303523,0.00147118,5.983665899311007,0.00116627,4.743518827328708,0.00434297,17.663971431592817,0.0058493,23.790601384493993,9.09686e-4,3.699925975938113,0.00253231,10.299553415274987
/opt/rbenchmarking/Benchmarks/simple/vector-for.r,6,1,0.25809383392334,0.021903100000000002,6.11e-7,0.002789559468750998,5.8e-7,0.002648026991613059,6.32e-7,0.002885436308102506,2.006e-6,0.00915852093995827,3.25e-6,0.014838082280590418,1.8314e-5,0.08361373504207167,2.1058e-5,0.09614164205066862,2.6062e-5,0.11898772319899921,3.9121e-5,0.17860942058430085,5.1333e-5,0.23436408544909165,7.2749e-5,0.33214019933251454,4.9789e-5,0.22731485497486653,8.691e-5,0.39679314800188104,2.65987e-4,1.2143806127899706,1.70063e-4,0.7764334728873995,1.6982e-4,0.7753240408891892,1.42922e-4,0.6525195063712441,3.3153e-4,1.513621359533582,1.46437e-4,0.668567463053175,2.92552e-4,1.335664814569627,4.26107e-4,1.9454186850263202,3.51621e-4,1.6053481014103026,2.67733e-4,1.2223520871474813,2.36985e-4,1.08197013208176,7.7127e-4,3.5212823755541454,6.80955e-4,3.108943482885984,9.06731e-4,4.139738210572933,0.00149194,6.811547223908944,0.0017063,7.790221475498901,9.12194e-4,4.1646798854956595,0.00366577,16.7363067328369,0.00505043,23.058060274573002,9.81238e-4,4.479904671028302,0.0025621,11.697430957261757
/opt/rbenchmarking/Benchmarks/simple/vector-while.r,8,1,0.277420520782471,0.0237063,6.17e-7,0.002602683674803744,5.96e-7,0.0025140996275251726,6.64e-7,0.0028009432091891185,2.24e-6,0.00944896504304763,3.641e-6,0.015358786482918045,1.873e-5,0.07900853359655449,2.1111e-5,0.08905227724275827,2.6437e-5,0.11151887894779025,4.0343e-5,0.1701783913980672,5.7435e-5,0.24227736930689311,7.9793e-5,0.33658985164281224,5.4022e-5,0.22788035248014238,8.7471e-5,0.36897786664304427,2.69712e-4,1.137722883790385,1.75698e-4,0.7411447589881172,1.77579e-4,0.7490793586514977,1.59105e-4,0.6711507067741487,3.48824e-4,1.471440081328592,1.61773e-4,0.6824050990664929,3.04423e-4,1.2841438773659322,4.37412e-4,1.845129775629263,3.57816e-4,1.5093709267156832,3.31456e-4,1.3981768559412477,3.16176e-4,1.3337214158261728,7.74928e-4,3.2688694566423275,6.84247e-4,2.8863508856295588,9.33499e-4,3.93776759764282,0.00158799,6.6985991065666095,0.00177582,7.490920135153946,9.58712e-4,4.04412329212066,0.00422359,17.8163188688239,0.0056544,23.85188747295023,0.00114229,4.8185081602780695,0.00253776,10.70500246769846
